image,caption
IMAGE8.png,"A little girl reading a book inside a cozy attic room, sunlight streaming through round window, dust floating."
IMAGE5.png,"A small aircraft soaring above emerald-green valleys and shimmering lakes, distant mountains covered in snow under golden sunlight."
IMAGE10.png,"A farmer guiding oxen through golden rice fields under pink sunset sky, mountains glowing softly in the background."
IMAGE15.png,"An abandoned wooden cabin hidden in dense forest, ivy crawling on walls, sunlight piercing through misty morning fog."
IMAGE17.png,"A group of friends sharing lunch beneath a giant tree, picnic blanket spread, rolling hills fading into horizon."
IMAGE3.png,"A young boy flying a paper plane under clear blue skies, fluffy clouds floating above peaceful countryside hills."
IMAGE19.png,"A young woman painting beside a calm riverbank, wildflowers blooming around, golden sunlight shimmering through willow branches."
IMAGE1.png,"In a sun-dappled Ghibli-style village, a gentle dog rests on a cobblestone street near a peaceful canal."
IMAGE6.png,"A fisherman sitting on a wooden dock beside a calm lake, colorful koi swimming, autumn trees gently swaying."
IMAGE18.png,"A quaint train station in rural countryside, cherry blossoms falling, warm sunlight bathing wooden benches and distant tracks."
IMAGE12.png,"A floating teahouse above clouds, glowing lanterns swaying gently, distant floating islands visible in warm evening sunlight."
IMAGE7.png,"A mysterious fox sitting under a giant ancient tree, roots twisting around mossy stones, glowing mushrooms illuminating twilight."
IMAGE4.png,"A girl in a yellow raincoat walking through an empty cobblestone street after rain, puddles reflecting glowing lanterns."
IMAGE9.png,"An old steam locomotive crossing a stone bridge over sparkling river, surrounded by lush forests and distant waterfalls."
IMAGE13.png,"A cute dog wearing a red scarf running across a meadow filled with daisies, bright mountains in distance."
IMAGE11.png,"A cheerful boy riding a bicycle down a sloping village path, wildflowers blooming along the road, birds flying."
IMAGE20.png,"A young woman painting beside a calm riverbank, wildflowers blooming around, golden sunlight shimmering through willow branches."
IMAGE16.png,"A spirited girl standing on a hilltop, wind blowing her hair, endless green valleys stretching beneath dramatic skies."
IMAGE14.png,"A peaceful seaside cliff with a lighthouse, waves crashing below, seagulls circling under a dreamy pastel-colored sky."
IMAGE2.png,"A curious cat sitting on a wooden bridge over a sparkling river, surrounded by cherry blossoms and soft sunlight."
